{
    "name": "itemstandh",
    "category": 3,
    "comfortGroup": 0,
    "comfort": 0,
    "groundPiece": false,
    "allowAltGroundPlacement": false,
    "groundOnly": false,
    "cultivatedGroundOnly": false,
    "waterPiece": false,
    "clipGround": false,
    "clipEverything": false,
    "noInWater": false,
    "notOnWood": false,
    "notOnTiltingSurface": false,
    "inCeilingOnly": false,
    "notOnFloor": false,
    "noClipping": false,
    "onlyInTeleportArea": false,
    "allowedInDungeons": false,
    "spaceRequirement": 0.0,
    "repairPiece": false,
    "canBeRemoved": true,
    "station": "$piece_workbench",
    "onlyInBiome": 0,
    "health": 5000.0,
    "noRoofWear": false,
    "noSupportWear": true,
    "materialType": 0,
    "supports": true,
    "comOffset": {
        "x": 0.0,
        "y": 0.0,
        "z": 0.0
    },
    "hitNoise": 0.0,
    "destroyNoise": 0.0,
    "autoCreateFragments": true,
    "damageModifiers": [
        "Blunt:Normal",
        "Slash:Normal",
        "Pierce:Resistant",
        "Chop:Weak",
        "Pickaxe:Normal",
        "Fire:Normal",
        "Frost:Normal",
        "Lightning:Normal",
        "Poison:Immune",
        "Spirit:Immune"
    ]
}